tconst,originalTitle,genres
tt0031885,La règle du jeu,"Comedy,Drama"
tt0035001,Lumière d'été,Drama
tt0038010,Le père Chopin,Drama
tt0038335,Le bataillon du ciel,"Drama,War"
tt0045027,La petite Aurore l'enfant martyre,"Biography,Drama"
tt0048021,Du rififi chez les hommes,"Crime,Drama,Thriller"
tt0049189,Et Dieu... créa la femme,"Drama,Romance"
tt0050781,Notre-Dame de Paris,"Drama,Fantasy"
tt0051133,Une parisienne,Comedy
tt0051579,En cas de malheur,"Crime,Drama,Romance"
tt0054177,Le petit soldat,"Drama,War"
tt0055572,Une femme est une femme,"Comedy,Drama,Romance"
tt0056663,Vivre sa vie: Film en douze tableaux,Drama
tt0057345,Le mépris,"Drama,Romance"
tt0057423,Pour la suite du monde,Documentary
tt0057725,À tout prendre,Drama
tt0057869,Bande à part,"Comedy,Crime,Drama"
tt0057937,Le chat dans le sac,Drama
tt0057967,Le corniaud,"Adventure,Comedy,Crime"
tt0058450,Les parapluies de Cherbourg,"Drama,Musical,Romance"
tt0058701,Une femme mariée: Suite de fragments d'un film tourné en 1964,"Drama,Romance"
tt0058863,La 317ème section,War
tt0058898,Alphaville: Une étrange aventure de Lemmy Caution,"Drama,Mystery,Sci-Fi"
tt0059592,Pierrot le fou,"Crime,Drama,Romance"
tt0059873,La vie heureuse de Léopold Z,Comedy
tt0060647,Made in USA,"Comedy,Crime,Mystery"
tt0061955,La mariée était en noir,"Crime,Drama,Mystery"
tt0062695,Baisers volés,"Comedy,Drama,Romance"
tt0064169,Le clan des Siciliens,"Crime,Drama"
tt0064990,La sirène du Mississipi,"Crime,Drama,Romance"
tt0065166,Valérie,Drama
tt0066118,Le mépris n'aura qu'un temps,Documentary
tt0067103,Fleur bleue,"Drama,Romance"
tt0068361,Le charme discret de la bourgeoisie,"Comedy,Drama,Fantasy"
tt0069350,Taureau,Drama
tt0069355,Le temps d'une chasse,Drama
tt0069963,Les dernières fiançailles,Drama
tt0070411,La mort d'un bûcheron,Drama
tt0070460,La nuit américaine,"Comedy,Drama,Romance"
tt0070465,O.K. ... Laliberté,Comedy
tt0070513,Par le sang des autres,Drama
tt0071262,C'est jeune et ça sait tout!,Comedy
tt0071464,Emmanuelle,"Drama,Romance"
tt0071552,Gina,"Crime,Drama"
tt0071949,Les ordres,"Drama,History"
tt0073198,"Jeanne Dielman, 23 quai du Commerce, 1080 Bruxelles",Drama
tt0073830,La tête de Normande St-Onge,"Drama,Fantasy"
tt0074348,Le corps de mon ennemi,"Crime,Drama,Mystery"
tt0074456,"L'eau chaude, l'eau frette",Drama
tt0075036,Parlez-nous d'amour,Drama
tt0075325,"Ti-mine, Bernie pis la gang...","Comedy,Drama"
tt0076426,The Music of the Spheres,Sci-Fi
tt0077288,La Cage aux folles,Comedy
tt0079232,Les grands enfants,"Comedy,Drama"
tt0080125,West Indies,"Drama,Musical"
tt0080184,À nous deux,Drama
tt0080718,Fantastica,"Drama,Musical"
tt0082484,La guerre du feu,"Adventure,Drama"
tt0084560,La quarantaine,"Comedy,Drama"
tt0086079,Papy fait de la résistance,"Comedy,Music,War"
tt0087284,Fort Saganne,"Drama,History,War"
tt0087373,La guerre des tuques,"Comedy,Drama,Family"
tt0088674,Adramélech,Divers
tt0088985,La dame en couleurs,Drama
tt0089284,Hold-Up,"Comedy,Crime"
tt0090095,Subway,Thriller
tt0091288,Jean de Florette,"Comedy,Drama"
tt0095201,Gaspard et fil$,Comedy
tt0095250,Le grand bleu,"Adventure,Drama,Sport"
tt0095891,Les portes tournantes,"Drama,Music"
tt0098684,Yaaba,"Drama,Romance"
tt0100263,Nikita,"Action,Crime,Drama"
tt0101318,Les amants du Pont-Neuf,"Drama,Romance"
tt0101339,Amoureux fou,"Comedy,Drama"
tt0101700,Delicatessen,"Comedy,Crime"
tt0103905,C'est arrivé près de chez vous,"Comedy,Crime,Drama"
tt0104019,Coyote,"Drama,Romance"
tt0104105,Diên Biên Phú,"Drama,War"
tt0105235,Requiem pour un beau sans-coeur,"Crime,Drama"
tt0106931,La Florida,Comedy
tt0109731,L'enfer,"Crime,Drama,Thriller"
tt0109900,Giorgino,"Adventure,Drama,Horror"
tt0110330,Les Milles,"Comedy,Drama,War"
tt0112387,L'appât,"Crime,Drama"
tt0112556,Le bonheur est dans le pré,Comedy
tt0112682,La cité des enfants perdus,"Adventure,Drama,Fantasy"
tt0112874,Dis-moi oui...,"Comedy,Drama,Romance"
tt0113247,La haine,"Crime,Drama"
tt0113362,Le hussard sur le toit,"Adventure,Drama,Romance"
tt0114732,Les trois frères,Comedy
tt0115897,La cible,"Comedy,Crime"
tt0116091,Les 2 papas et la maman,Comedy
tt0117477,Ridicule,"Comedy,Drama,History"
tt0117968,Trois vies et une seule mort,"Comedy,Crime,Fantasy"
tt0118664,Babel,"Adventure,Family,Fantasy"
tt0118976,Didier,"Comedy,Fantasy,Sport"
tt0119038,Le dîner de cons,Comedy
tt0119247,1 chance sur 2,"Action,Adventure,Comedy"
tt0119391,J'ai horreur de l'amour,"Comedy,Drama"
tt0119392,J'en suis!,Comedy
tt0119590,Ma vie en rose,Drama
tt0119981,Les randonneurs,"Comedy,Romance"
tt0120449,La vie rêvée des anges,Drama
tt0120471,La vérité si je mens!,"Comedy,Romance"
tt0120802,Le violon rouge,"Drama,Music,Mystery"
tt0120882,Les couloirs du temps: Les visiteurs II,"Comedy,Fantasy"
tt0128370,Nô,"Comedy,Drama"
tt0135741,7 fois... par jour,"Adventure,Comedy,Fantasy"
tt0144152,La cuisine rouge,Drama
tt0146282,Le soleil se lève en retard,Drama
tt0150192,Contrecoeur,Drama
tt0152930,Taxi,"Action,Comedy,Crime"
tt0159603,The Delivery,"Action,Adventure,Comedy"
tt0170705,Train de vie,"Comedy,Drama,War"
tt0178655,Exit,"Crime,Sci-Fi,Thriller"
tt0181530,Est - Ouest,"Adventure,Drama,History"
tt0181627,Kirikou et la sorcière,"Adventure,Animation,Family"
tt0183869,Taxi 2,"Action,Comedy,Crime"
tt0191049,Les corps célestes,Comedy
tt0191076,Le dernier souffle,Crime
tt0199481,Vercingétorix,"Adventure,Biography,Drama"
tt0203427,Le créateur,Comedy
tt0211444,Je suis loin de toi mignonne,Comedy
tt0211915,Le fabuleux destin d'Amélie Poulain,"Comedy,Romance"
tt0214289,La vérité si je mens! 2,Comedy
tt0216841,Jet Set,Comedy
tt0225131,Les aventures d'une jeune veuve,Comedy
tt0228786,Les rivières pourpres,"Crime,Mystery,Thriller"
tt0230492,La maison qui empêche de voir la ville,Divers
tt0237534,Le pacte des loups,"Action,Adventure,Drama"
tt0244173,Le roi danse,"Drama,History,Music"
tt0250223,Astérix & Obélix : Mission Cléopâtre,"Adventure,Comedy,Family"
tt0254686,La pianiste,"Drama,Music"
tt0257247,Une nuit en Amérique,Divers
tt0259440,Se souvenir des belles choses,"Drama,Romance"
tt0259991,Du pic au coeur,"Comedy,Romance"
tt0261746,L'infonie inachevée,Documentary
tt0267044,Barnie et ses petites contrariétés,"Comedy,Drama"
tt0267129,Yamakasi - Les samouraïs des temps modernes,"Action,Crime,Drama"
tt0269058,Ceci est mon corps,Drama
tt0269105,Confession d'un dragueur,Comedy
tt0271337,18 ans après,"Comedy,Drama,Romance"
tt0281364,Wasabi,"Action,Comedy,Crime"
tt0283832,8 femmes,"Comedy,Crime,Musical"
tt0283900,L'auberge espagnole,"Comedy,Drama,Romance"
tt0284034,Demonlover,"Drama,Mystery,Thriller"
tt0286244,Les triplettes de Belleville,"Adventure,Animation,Comedy"
tt0290673,Irréversible,"Crime,Drama,Mystery"
tt0292720,La turbulence des fluides,"Comedy,Drama,Mystery"
tt0293915,Le révolutionnaire,"Comedy,Drama"
tt0295721,Taxi 3,"Action,Comedy,Crime"
tt0297058,Coeur de maman,Divers
tt0298082,"Ni pour, ni contre (bien au contraire)","Crime,Drama"
tt0298352,Le gros Bill,Drama
tt0301727,Le peuple migrateur,Documentary
tt0301730,Le pharmacien de garde,"Crime,Drama,Horror"
tt0302346,Blanche,"Adventure,Comedy"
tt0304417,Monique,"Comedy,Drama,Romance"
tt0307156,Michel Vaillant,"Action,Sport"
tt0309832,Maléfique,"Fantasy,Horror,Mystery"
tt0310203,Tais-toi!,"Comedy,Crime"
tt0312612,Des chiens dans la neige,"Crime,Drama,Mystery"
tt0314063,Immortel (ad vitam),"Drama,Sci-Fi,Thriller"
tt0314390,"Moi César, 10 ans 1/2, 1m39","Comedy,Drama,Family"
tt0318202,Être et avoir,"Documentary,Family"
tt0330193,Les dangereux,"Comedy,Crime"
tt0337430,Le voyage à la mer,Documentary
tt0338135,Les invasions barbares,"Comedy,Crime,Drama"
tt0344510,Un long dimanche de fiançailles,"Drama,Mystery,Romance"
tt0347458,La légende de Parva,Animation
tt0354899,La science des rêves,"Comedy,Drama,Fantasy"
tt0357111,RRRrrrr!!!,"Comedy,Crime,Mystery"
tt0362225,Ne le dis à personne,"Crime,Drama,Mystery"
tt0363532,Confidences trop intimes,"Drama,Romance,Thriller"
tt0367000,Saint Ange,"Drama,Fantasy,Horror"
tt0373690,Arsène Lupin,"Action,Adventure,Crime"
tt0378879,Tintin et moi,"Biography,Documentary"
tt0380798,Vipère au poing,Drama
tt0381270,Ils se marièrent et eurent beaucoup d'enfants,"Comedy,Drama,Music"
tt0381487,People,Comedy
tt0383995,Les clefs de bagnole,Comedy
tt0386741,Renaissance,"Action,Animation,Sci-Fi"
tt0387898,Caché,"Drama,Mystery,Thriller"
tt0390598,Vendus,Comedy
tt0395514,Le dernier trappeur,"Adventure,Documentary,Drama"
tt0399497,Avril,"Comedy,Drama"
tt0400400,Elles étaient cinq,"Crime,Drama"
tt0401383,Le scaphandre et le papillon,"Biography,Drama"
tt0401711,"Paris, je t'aime","Comedy,Drama,Romance"
tt0402158,L'empire des loups,"Action,Crime,Drama"
tt0402294,Iznogoud,"Comedy,Family,Fantasy"
tt0407230,Le survenant,Drama
tt0409184,Les poupées russes,"Comedy,Drama,Romance"
tt0410639,Les soeurs fâchées,"Comedy,Drama"
tt0411270,De battre mon coeur s'est arrêté,"Crime,Drama,Music"
tt0411272,L'ennemi public n°1,"Action,Biography,Crime"
tt0412535,Brice de Nice,Comedy
tt0414852,Banlieue 13,"Action,Crime,Sci-Fi"
tt0417071,Les mots bleus,"Drama,Romance"
tt0417453,L'avion,"Drama,Fantasy,Mystery"
tt0421974,Les chevaliers du ciel,"Action,Adventure,Drama"
tt0424205,Joyeux Noël,"Drama,History,Music"
tt0425985,Les filles du botaniste,"Drama,Romance"
tt0428287,"C'est pas moi, c'est l'autre",Comedy
tt0428428,Comment devenir un trou de cul et enfin plaire aux femmes,Comedy
tt0428803,La marche de l'empereur,"Documentary,Family"
tt0430895,Aurore,Drama
tt0433902,Bonzaïon,Comedy
tt0436982,"Zaïna, cavalière de l'Atlas","Adventure,Drama"
tt0437230,Horloge biologique,Comedy
tt0437526,Une vieille maîtresse,"Drama,Romance"
tt0442207,Enfermés dehors,Comedy
tt0443448,O Jerusalem,"Drama,History"
tt0444182,Indigènes,"Action,Drama,War"
tt0444200,J'ai vu tuer Ben Barka,Drama
tt0445800,Les bronzés 3: amis pour la vie,Comedy
tt0446442,Quelques jours en septembre,"Drama,Thriller"
tt0450188,La Môme,"Biography,Drama,Music"
tt0455078,L'anniversaire,Comedy
tt0460505,Maurice Richard,"Biography,Drama,Sport"
tt0460858,La maison du bonheur,Comedy
tt0463352,La personne aux deux personnes,"Comedy,Fantasy,Music"
tt0463385,Un dimanche à Kigali,"Drama,War"
tt0463872,Astérix aux jeux olympiques,"Adventure,Comedy,Family"
tt0473696,Saints-Martyrs-des-Damnés,"Drama,Horror,Mystery"
tt0473753,Angel-A,"Comedy,Drama,Fantasy"
tt0478566,Nos jours heureux,Comedy
tt0479647,"Bon Cop, Bad Cop","Action,Comedy,Crime"
tt0482088,Hors de prix,"Comedy,Romance"
tt0486084,Les aristos,Comedy
tt0487928,Dante 01,"Adventure,Drama,Sci-Fi"
tt0488565,Je crois que je l'aime,"Comedy,Drama,Romance"
tt0491901,Le voyage en Arménie,Drama
tt0756648,Le renard et l'enfant,"Drama,Family"
tt0775489,L'illusionniste,"Animation,Drama,Fantasy"
tt0783530,Je te mangerais,"Drama,Music"
tt0784994,Exiles in Lotusland,"Documentary,Romance"
tt0795370,Le deuxième souffle,"Crime,Drama,Mystery"
tt0800135,Mon colonel,"Crime,Drama,History"
tt0804540,Taxi 4,"Action,Comedy,Crime"
tt0808339,Largo Winch,"Action,Thriller"
tt0808417,Persepolis,"Animation,Biography,Drama"
tt0810809,Congorama,"Comedy,Drama"
tt0814685,Frontière(s),Horror
tt0816631,Roméo et Juliette,Drama
tt0825248,L'ennemi intime,"Drama,History,War"
tt0826711,Le voyage du ballon rouge,"Drama,Family"
tt0830545,Et toi t'es sur qui?,Romance
tt0832958,Sur la trace d'Igor Rizzi,"Comedy,Drama"
tt0852970,Je déteste les enfants des autres,Comedy
tt0856162,Asylum,Thriller
tt0856288,À l'intérieur,Horror
tt0865868,Big City,"Adventure,Family,Western"
tt0869994,Paris,"Comedy,Drama,Romance"
tt0875113,99 francs,"Comedy,Drama"
tt0884335,Chrysalis,"Crime,Drama,Sci-Fi"
tt0889222,Si le vent soulève les sables,Drama
tt0890887,Toi,Drama
tt0910935,Pas douce,Drama
tt0926759,Le premier jour du reste de ta vie,Drama
tt0940657,Arthur et la vengeance de Maltazard,"Adventure,Animation,Family"
tt0944834,Chasseurs de dragons,"Action,Adventure,Animation"
tt0961097,Un monstre à Paris,"Adventure,Animation,Comedy"
tt0996962,Modern Love,"Comedy,Musical,Romance"
tt10023150,Mon cousin,Comedy
tt1003052,Secret défense,Thriller
tt10046694,Fabuleuses,Comedy
tt10196398,Adieu les cons,"Comedy,Drama"
tt10199586,Atlantique,"Drama,Fantasy,Mystery"
tt1020773,Copie conforme,"Drama,Romance"
tt10233406,Les blagues de Toto,"Comedy,Family"
tt10243676,After Blue (Paradis sale),"Fantasy,Sci-Fi"
tt10260042,Antigone,"Crime,Drama"
tt1029234,Martyrs,Horror
tt10341034,Boîte noire,"Drama,Mystery,Thriller"
tt10341040,Around the World in 80 Days,"Adventure,Animation,Comedy"
tt10345590,Comment je suis devenu super-héros,"Action,Adventure,Comedy"
tt10366514,Eiffel,"Biography,Drama,History"
tt10375106,Mandibules,"Comedy,Fantasy"
tt10404944,BAC Nord,"Action,Crime,Thriller"
tt10405142,Qu'est-ce qu'on a tous fait au Bon Dieu ?,Comedy
tt10409498,Seules les bêtes,"Crime,Drama,Mystery"
tt1043852,Lascars,"Animation,Comedy"
tt10441486,Il pleuvait des oiseaux,Drama
tt10444992,Les enfants d'Isadora,Drama
tt10457128,Été 85,"Drama,Romance"
tt10505316,Illusions perdues,"Drama,Romance"
tt10537660,Mystère à Saint-Tropez,"Comedy,Crime,Mystery"
tt10545696,Maigret,"Crime,Drama,Mystery"
tt10557524,Brutus vs César,Comedy
tt1064932,Bienvenue chez les Ch'tis,"Comedy,Romance"
tt10738536,Délicieux,"Comedy,Drama,History"
tt1075113,Ne te retourne pas,"Drama,Horror,Mystery"
tt10809590,"Benjamin Rabier, l'homme qui fait rire les animaux",Documentary
tt10944760,Titane,"Drama,Horror,Sci-Fi"
tt10945254,Opération Portugal,Comedy
tt10945274,Mystère,"Adventure,Drama,Family"
tt10951972,Arthur Rambo,Drama
tt10958282,Banlieusards,"Crime,Drama"
tt10965792,Belle fille,Comedy
tt10965850,Bruno Reidal,"Biography,Crime,Drama"
tt11013468,Chacun chez soi,Comedy
tt11013572,Docteur?,Comedy
tt11058214,Des feux dans la nuit,"Drama,History"
tt11058930,Kandisha,Horror
tt11087960,Un monde,Drama
tt11134340,Jouliks,Drama
tt11206302,30 jours max,"Action,Comedy,Crime"
tt11210390,Astérix & Obélix: L'Empire du Milieu,"Adventure,Comedy,Family"
tt1130988,JCVD,"Action,Comedy,Crime"
tt1135923,"La différence, c'est que c'est pas pareil",Comedy
tt1149361,Micmacs à tire-larigot,"Action,Comedy,Crime"
tt11508096,J'irai mourir dans les Carpates,"Comedy,Mystery,Thriller"
tt11541872,BigBug,"Comedy,Sci-Fi"
tt1160022,Rumba,"Comedy,Drama"
tt1166094,Cruising Bar 2,Comedy
tt1167638,L'immortel,"Action,Crime,Drama"
tt1167660,OSS 117: Rio ne répond plus,"Action,Adventure,Comedy"
tt1172230,Diamant 13,"Action,Crime,Thriller"
tt11729546,Hold-Up,"Documentary,Drama"
tt11734264,Sentinelle,"Action,Crime,Drama"
tt1179025,Les aventures extraordinaires d'Adèle Blanc-Sec,"Action,Adventure,Comedy"
tt1181840,Jack et la mécanique du coeur,"Adventure,Animation,Drama"
tt1182924,L'emmerdeur,Comedy
tt1193088,Le code a changé,"Comedy,Drama"
tt11934924,Une manière de vivre,Drama
tt1194242,Le vilain,"Action,Comedy,Crime"
tt1194616,LOL (Laughing Out Loud) ®,"Comedy,Romance"
tt11970970,"Une nuit, à travers champs",Drama
tt1206478,Le crime est notre affaire,"Comedy,Crime,Mystery"
tt1217637,Pour elle,"Crime,Drama,Thriller"
tt1220911,Pourquoi j'ai pas mangé mon père,"Adventure,Animation,Comedy"
tt12264966,Notre-Dame brûle,"Biography,Drama,Thriller"
tt1229381,Hors la loi,"Crime,Drama,War"
tt1234432,Grande ourse: La clé des possibles,"Mystery,Sci-Fi"
tt1234542,Le dernier vol,"Adventure,Drama,Romance"
tt1235166,Un prophète,"Crime,Drama"
tt1235536,Lucky Luke,"Adventure,Comedy,Western"
tt1236182,Cendres et Sang,Drama
tt1236250,Gigola,Drama
tt1239430,La cité,"Drama,History"
tt12474292,Cas Communautaire,Drama
tt1247640,Banlieue 13: Ultimatum,"Action,Crime,Thriller"
tt12485780,Le coeur noir des forêts,Drama
tt1255953,Incendies,"Drama,Mystery,War"
tt1257562,Hadewijch,Drama
tt1258120,L'armée du crime,"Drama,History,War"
tt1264904,Le Petit Nicolas,"Comedy,Family"
tt1266037,Quartier lointain,"Comedy,Drama,Fantasy"
tt12672536,Les trois mousquetaires: D'Artagnan,"Action,Adventure,History"
tt1280016,L'enfance d'Icare,"Drama,Sci-Fi,Thriller"
tt12883472,Alors on danse,"Comedy,Romance"
tt12942974,2011,"Horror,Thriller"
tt1295912,"Pour toujours, les Canadiens!","Drama,History,Sport"
tt1298831,La blonde aux seins nus,"Adventure,Drama,Romance"
tt1303900,"Silence, ça tue!",Thriller
tt13086492,La ligne,Drama
tt1311065,Demain,Drama
tt13129482,Phénomènes Inexplicables: Cold Tapes,Mystery
tt1314237,Les beaux gosses,"Comedy,Drama,Romance"
tt13153470,About Joan,"Drama,Romance"
tt1315962,Partir,"Crime,Drama,Romance"
tt1320383,L'insurgée,Drama
tt13204490,Petite maman,"Drama,Fantasy"
tt1322325,Chicas,Drama
tt1322333,Largo Winch II,"Action,Adventure,Thriller"
tt13269580,À plein temps,Drama
tt13321730,La fracture,"Comedy,Drama"
tt1334076,Un capitalisme sentimental,"Comedy,Drama,Musical"
tt13353386,Tendre et saignant,"Comedy,Romance"
tt13391708,Les cinq diables,"Drama,Fantasy,Romance"
tt13462472,Les jeunes amants,"Drama,Romance"
tt1347441,No pasaran,Comedy
tt13528092,Vacances,"Crime,Drama"
tt1356893,Au voleur,"Crime,Drama,Romance"
tt1361541,Fais-moi plaisir!,Comedy
tt13667778,Archipel,Animation
tt1372730,Impasse,Drama
tt13742084,"Habib, la grande aventure",Comedy
tt1382725,La rafle,"Drama,History,War"
tt13846402,Les passagers de la nuit,Drama
tt13846442,Tout le monde m'appelle Mike,Thriller
tt14055038,Twist à Bamako,"Drama,History,Romance"
tt1405809,Lourdes,Drama
tt1410201,Coupled with Love,"Comedy,Drama"
tt14120072,États de choc - Primum non nocere,Documentary
tt14125272,"Kanun, la loi du sang",Thriller
tt14163992,L'établi,"Biography,Drama,History"
tt14212090,L'envol,"Drama,History,Romance"
tt14275050,Plus que jamais,"Drama,Romance"
tt14317880,Coupez!,"Comedy,Horror"
tt14328348,Last Dance,Comedy
tt1440232,Les petits mouchoirs,"Comedy,Drama"
tt14458636,Une femme de notre temps,"Crime,Drama"
tt14485794,Éoliennes: du rêve aux réalités,Documentary
tt14495660,Sexygénaires,Comedy
tt14534796,Mascarade,"Crime,Drama"
tt14542254,Novembre,"Crime,Drama,Thriller"
tt1454907,Blanc comme neige,Thriller
tt1460741,Cabotins,Comedy
tt14622802,Frère et soeur,Drama
tt14624330,Arsenault & fils,"Crime,Drama"
tt14646488,Normale,"Comedy,Drama"
tt1465487,L'arnacoeur,"Comedy,Romance"
tt14663154,Les âmes soeurs,Drama
tt1472464,Une Estonienne à Paris,Drama
tt1473074,Mammuth,"Comedy,Drama"
tt1473357,Fatal,"Comedy,Music"
tt14760906,Grand marin,Drama
tt14778456,Annie colère,"Comedy,Drama"
tt14827236,Dernier Soleil,"Action,Drama"
tt14995258,Sous emprise,"Drama,Romance,Sport"
tt15000700,Houria,Drama
tt1503096,Camping 2,Comedy
tt15049366,Les Bodin's en Thaïlande,Comedy
tt1508675,Le Havre,"Comedy,Drama"
tt1509742,La vie au ranch,"Comedy,Drama"
tt15115102,Un autre monde,Drama
tt15153138,La page blanche,"Comedy,Fantasy,Romance"
tt15166808,Tant que le soleil frappe,Drama
tt15167162,Les volets verts,Drama
tt15170560,Reprise en main,"Comedy,Drama"
tt1524565,Nos résistances,"Drama,History,Romance"
tt1528313,Rien à déclarer,Comedy
tt1545322,Sodium Babies,"Drama,Fantasy,Horror"
tt1545677,Les yeux de sa mère,Drama
tt1545759,À bout portant,"Action,Crime,Drama"
tt15471560,Fumer fait tousser,"Comedy,Horror,Sci-Fi"
tt15484716,En roue libre,"Comedy,Drama"
tt1549589,Elles,Drama
tt1555084,La terre outragée,Drama
tt15665948,Avant l'effondrement,"Comedy,Drama"
tt15676954,Mon héroïne,"Biography,Comedy"
tt15732372,Le parfum vert,"Comedy,Crime,Mystery"
tt15740768,Heartbeast,"Drama,Music,Thriller"
tt1576450,Pieds nus sur les limaces,Drama
tt1578259,Atlantis Down,"Action,Sci-Fi"
tt15783304,Cet été-là,"Comedy,Drama"
tt1581634,La lisière,Drama
tt1582244,Présumé coupable,"Biography,Crime,Drama"
tt1588337,Des hommes et des dieux,"Drama,History"
tt1591622,10½,Drama
tt1594503,L'âge de raison,"Comedy,Romance"
tt1597522,Astérix & Obélix: Au service de sa Majesté,"Adventure,Comedy,Family"
tt1599975,La princesse de Montpensier,"Action,Drama,History"
tt1600524,Les amours imaginaires,"Drama,Romance"
tt1602620,Amour,Drama
tt16034348,Lorsque le coeur dérange,Drama
tt1605769,Le moine,"Drama,Mystery,Thriller"
tt16148552,Le paradis,Drama
tt1618447,Un amour de jeunesse,"Drama,Romance"
tt1640144,Le masque de la Méduse,"Fantasy,Horror,Mystery"
tt1642191,Chez Gino,Comedy
tt1646974,Le nom des gens,"Comedy,Drama,Romance"
tt1646985,Un poison violent,Drama
tt16491386,En même temps,Comedy
tt1650048,Laurence Anyways,"Drama,Romance"
tt1651328,Notre jour viendra,Drama
tt1655442,The Artist,"Comedy,Drama,Romance"
tt1656192,Forces spéciales,"Action,Drama,War"
tt1657513,Louis Cyr,"Biography,Drama,History"
tt1659619,L'odyssée,"Adventure,Biography,Drama"
tt1663321,Poulet aux prunes,"Comedy,Drama"
tt1667100,La chance de ma vie,"Comedy,Romance"
tt1667890,Journal d'un coopérant,Drama
tt1668200,Elle s'appelait Sarah,"Drama,War"
tt1671494,Un baiser papillon,Drama
tt1674692,French Immersion,Comedy
tt1675434,Intouchables,"Comedy,Drama"
tt1683921,Nuit blanche,"Action,Crime,Thriller"
tt1691877,Reste avec moi,Drama
tt17009856,Le lycéen,Drama
tt17014214,Un petit frère,Drama
tt17049070,Jumeaux mais pas trop,Comedy
tt17049112,La revanche des Crevettes Pailletées,Comedy
tt1708473,Gerry,Biography
tt17157266,Allons enfants,Documentary
tt1723642,Sur la piste du Marsupilami,"Adventure,Comedy,Family"
tt1727516,Livide,"Fantasy,Horror"
tt1729218,R.I.F. (Recherches dans l'Intérêt des Familles),"Crime,Thriller"
tt1741660,L'appât,"Action,Comedy,Crime"
tt17505492,La maison,Drama
tt1757912,"Titeuf, le film","Animation,Comedy,Family"
tt17634642,Les petites victoires,Comedy
tt1790790,Nos ancêtres les Gauloises,Documentary
tt1794850,La vérité si je mens! 3,Comedy
tt17977602,38°5 quai des Orfèvres,Comedy
tt1815799,Les bien-aimés,"Comedy,Drama,Musical"
tt18160646,Seule: Les dossiers Silvercloud,"Mystery,Thriller"
tt1816518,Ernest et Célestine,"Adventure,Animation,Comedy"
tt1817191,La vie d'une autre,"Comedy,Drama,Mystery"
tt1817286,38 témoins,Drama
tt18298524,Les complices,"Comedy,Crime"
tt1847731,Tomboy,Drama
tt18556486,Les gardiennes de la planète,Documentary
tt1860152,17 filles,Drama
tt18626656,Arrête avec tes mensonges,Drama
tt1872225,Water Makes Money,"Documentary,News"
tt1872880,Un bonheur n'arrive jamais seul,"Comedy,Romance"
tt1879030,Q,"Drama,Romance"
tt1886651,Rasputin,"Biography,Drama,History"
tt1890377,Bienvenue à bord,Comedy
tt1891968,Torpedo,Comedy
tt1906425,Mesnak,Drama
tt1920984,La désintégration,Drama
tt1921068,David et Madame Hansen,Drama
tt1931544,Sport de filles,"Drama,Sport"
tt1934205,Ce que le jour doit à la nuit,"Drama,Romance"
tt19495994,Ima,"Drama,Music,Romance"
tt19719862,Les pires,"Comedy,Drama"
tt19719940,Rodéo,Drama
tt19722066,Ducobu Président !,"Comedy,Family"
tt1974287,JC comme Jésus Christ,Comedy
tt19783626,"Arthur, malédiction","Horror,Thriller"
tt19841734,L'innocent,"Comedy,Crime,Romance"
tt19858178,Les vieux fourneaux 2: Bons pour l'asile,Comedy
tt19891500,Pour la France,Drama
tt2018086,Camille Claudel 1915,"Biography,Drama"
tt20192062,"Zodi & Tehu, frères du désert","Adventure,Family"
tt20227026,Grand Paris,Comedy
tt20249446,La cour des miracles,Comedy
tt2027140,L'écume des jours,"Comedy,Drama,Fantasy"
tt2033250,Extase,Drama
tt2033328,Ne nous soumets pas à la tentation,Drama
tt20413946,Tout fout le camp,Comedy
tt2053425,De rouille et d'os,"Drama,Romance"
tt20673856,Searching for Cherkaski,Documentary
tt20754462,Temps mort,Drama
tt2076176,Cloclo,"Biography,Drama,Music"
tt2076220,Holy Motors,"Drama,Fantasy"
tt20766628,Quand tu seras grand,"Comedy,Drama"
tt2077908,Zarafa,"Adventure,Animation,Family"
tt2094898,Nous York,"Adventure,Comedy,Drama"
tt2095685,L'oncle Charles,Comedy
tt21028846,Le sixième enfant,Drama
tt2104062,Mes héros,"Comedy,Drama"
tt21042306,Stella est amoureuse,"Comedy,Drama"
tt2106590,Ouf,Drama
tt2112204,Mobile Home,"Comedy,Drama"
tt21230040,Petites,Drama
tt21249808,Jack Mimoun & les secrets de Val Verde,"Adventure,Comedy"
tt21256038,Tempête,Drama
tt21398920,Amore mio,Drama
tt21431680,Trois nuits par semaine,"Comedy,Drama,Romance"
tt2152779,Ma première fois,"Drama,Romance"
tt21627730,Youssef Salem a du succès,Comedy
tt2165236,En solitaire,"Adventure,Drama,Sport"
tt2177827,The Search,"Drama,War"
tt2193782,Do Not Disturb,"Comedy,Drama,Romance"
tt2194607,Le paradis des bêtes,"Comedy,Drama"
tt2195982,Columbarium,"Drama,Fantasy,Thriller"
tt22039496,La guerre des Lulus,"Adventure,Drama"
tt22083308,Harawi,Musical
tt22180518,Disco Boy,Drama
tt2245245,Trou Story,Documentary
tt2261749,La cage dorée,"Comedy,Drama"
tt22648880,13 Notes en Rouge,Horror
tt2276778,Les profs,Comedy
tt2278871,La vie d'Adèle,"Drama,Romance"
tt2290129,Arrêtez-moi,"Drama,Mystery,Thriller"
tt2315200,"Les garçons et Guillaume, à table!",Comedy
tt2316801,La belle et la bête,"Drama,Family,Fantasy"
tt2319018,100% cachemire,Comedy
tt2321405,Ma vie de Courgette,"Animation,Comedy,Drama"
tt2342207,Mais qui a re-tué Pamela Rose?,Comedy
tt2354215,La marque des anges - Miserere,Thriller
tt2368672,Minuscule: La vallée des fourmis perdues,"Action,Adventure,Animation"
tt2370378,Bejbi blues,Drama
tt23741324,Divertimento,"Biography,Drama,Music"
tt2379318,Les beaux jours,"Drama,Romance"
tt23875604,Thugs of Ramaghada,"Crime,Drama"
tt2397489,L'antisémite,Comedy
tt2398149,J'accuse,"Drama,History,Thriller"
tt2404461,Le passé,"Drama,Mystery"
tt2416376,Swim Little Fish Swim,"Comedy,Drama,Music"
tt24246948,Le Cle Rouge,Comedy
tt2441982,Les visiteurs: La révolution,"Comedy,Fantasy"
tt2486148,Lac Mystère,"Comedy,Crime,Drama"
tt2511670,La jalousie,Drama
tt2522934,La confrérie des larmes,Thriller
tt2538654,Boule & Bill,"Comedy,Family"
tt25750424,Voyages en Italie,"Comedy,Romance"
tt2586120,Le fidèle,"Crime,Drama,Romance"
tt25971180,Les choses simples,Comedy
tt2609222,Quai d'Orsay,Comedy
tt2610468,Autrui,Drama
tt2624626,La maison du pêcheur,"Biography,Crime,Drama"
tt2625968,Early Winter,Drama
tt26259838,Les hasards (de la vie),Comedy
tt26347358,Notre corps,Documentary
tt26749243,"Des hommes, la nuit","Comedy,Drama"
tt2707858,Yves Saint Laurent,"Biography,Drama"
tt27128442,Notre tout petit petit mariage,Comedy
tt27128451,Pour l'honneur,"Comedy,Sport"
tt27159517,Ici Brazza,Documentary
tt2717528,Miraculum,Drama
tt2737050,"Deux jours, une nuit",Drama
tt27416499,Le prix du passage,"Drama,Thriller"
tt2747786,Il était une fois les Boys,"Comedy,Drama,Romance"
tt2752200,Jeune et Jolie,"Drama,Romance"
tt27530851,Ma langue au chat,"Comedy,Drama"
tt2788556,Gemma Bovery,"Comedy,Drama,Romance"
tt2800240,Qu'est-ce qu'on a fait au bon Dieu?,Comedy
tt2806878,De guerre lasse,"Crime,Drama,Thriller"
tt2833074,1987,"Biography,Comedy,Drama"
tt2836252,Fiston,Comedy
tt2909008,Le vrai du faux,Drama
tt2935564,La French,"Action,Crime,Thriller"
tt2936180,Loin des hommes,"Drama,War"
tt2969776,Le crocodile du Botswanga,Comedy
tt3013602,Babysitting,Comedy
tt3061594,Voyoucratie,"Drama,Thriller"
tt3092076,"Les trois frères, le retour",Comedy
tt3094322,Papa lumière,Drama
tt3098306,Sous les jupes des filles,"Comedy,Romance"
tt3101260,L'année prochaine,Drama
tt3198638,À la vie,Drama
tt3202098,Lou! Journal infime,Comedy
tt3202120,Barbecue,Comedy
tt3218580,Alléluia,"Crime,Horror,Romance"
tt3281684,La gang des hors-la-loi,"Drama,Family,Sport"
tt3320632,Les jours heureux,Documentary
tt3324286,Un village presque parfait,Comedy
tt3324494,La prochaine fois je viserai le coeur,"Crime,Drama,Thriller"
tt3327994,Human,Documentary
tt3332410,L'apprenti Père Noël et le flocon magique,"Adventure,Animation,Comedy"
tt3399024,Samba,"Comedy,Drama,Romance"
tt3422078,Avril et le monde truqué,"Adventure,Animation,Comedy"
tt3433632,L'affaire SK1,"Crime,Drama"
tt3456414,Préjudice,Drama
tt3468392,Sam,"Drama,Family"
tt3478962,Mon roi,"Drama,Romance"
tt3480146,Le temps des aveux,Drama
tt3519272,Les souvenirs,"Comedy,Drama"
tt3547740,La famille Bélier,"Comedy,Drama,Music"
tt3612616,Mommy,Drama
tt3711578,35 Cows and a Kalashnikov,Documentary
tt3716530,Elle,"Crime,Drama,Thriller"
tt3728130,Xun zhao Luo Mai,Drama
tt3759416,Astérix: Le domaine des dieux,"Adventure,Animation,Comedy"
tt3774694,Love,"Drama,Romance"
tt3791302,La tête haute,Drama
tt3792960,Le tout nouveau testament,"Comedy,Fantasy"
tt3794028,Mal de pierres,"Drama,Romance"
tt3805154,Belgian Disaster,Comedy
tt3858372,"Mune, le gardien de la lune","Adventure,Animation,Comedy"
tt3896710,On voulait tout casser,"Comedy,Drama"
tt3965866,Tous les chats sont gris,Drama
tt3985394,Marche avec moi,"Adventure,Comedy,Drama"
tt4008758,Black,"Action,Crime,Drama"
tt4023430,Solange et les vivants,Comedy
tt4024546,Bis,"Comedy,Fantasy"
tt4027334,Le bruit des arbres,Drama
tt4117206,Le convoi,"Action,Thriller"
tt4120176,L'avenir,Drama
tt4333662,They Will Have to Kill Us First,Documentary
tt4392438,La passion d'Augustine,Drama
tt4400038,Chocolat,"Biography,Drama"
tt4400058,Babysitting 2,Comedy
tt4450930,Le Hobbit: Le Retour du Roi du Cantal,Adventure
tt4505208,La vache,"Adventure,Comedy,Drama"
tt4531694,Pattaya,Comedy
tt4576612,Comment c'est loin,"Comedy,Drama,Music"
tt4632440,La danseuse,"Biography,Drama,History"
tt4643432,Dans les forêts de Sibérie,"Adventure,Drama"
tt4645368,Juste la fin du monde,Drama
tt4666926,Nuit de grève,Drama
tt4693612,Un profil pour deux,"Comedy,Romance"
tt4699388,Un homme à la hauteur,"Comedy,Romance"
tt4726636,Ma Loute,"Comedy,Fantasy"
tt4730986,Divines,"Crime,Drama"
tt4844148,Mia et le lion blanc,"Adventure,Drama,Family"
tt4896898,Chasse-Galerie,"Horror,Thriller"
tt4954522,Grave,"Drama,Horror"
tt4965254,Sorgoi Prakov,Horror
tt5077538,Père fils thérapie!,"Comedy,Crime"
tt5091538,La folle histoire de Max et Léon,"Adventure,Comedy,War"
tt5091612,Un sac de billes,"Biography,Drama,History"
tt5092380,Dans la brume,"Action,Drama,Mystery"
tt5096536,Réparer les vivants,Drama
tt5115024,Retour chez ma mère,"Comedy,Drama"
tt5143700,Snowtime!,"Animation,Comedy,Drama"
tt5148864,Les dissociés,Comedy
tt5157682,L'ascension,"Comedy,Drama,Romance"
tt5231916,La mécanique de l'ombre,"Action,Mystery,Thriller"
tt5258850,Au revoir là-haut,"Comedy,Crime,Drama"
tt5271420,Jérôme Lejeune: aux plus petits d'entre les miens,Documentary
tt5304464,Happy End,Drama
tt5326448,Merci patron!,Documentary
tt5348236,Sage femme,Drama
tt5351818,Rock'n Roll,"Comedy,Drama,Family"
tt5542786,Maserati: A Hundred Years Against All Odds,Documentary
tt5556408,Harry: Portrait d'un détective privé,Divers
tt5657028,Alibi.com,"Comedy,Romance"
tt5687334,Le Redoutable,"Biography,Comedy,Drama"
tt5699154,Le sens de la fête,"Comedy,Drama,Romance"
tt5736696,Raid dingue,"Action,Comedy,Crime"
tt5765586,La capitale du bruit,Comedy
tt5825150,Chacun sa vie,"Comedy,Drama"
tt5851904,Le grand méchant renard et autres contes...,"Adventure,Animation,Comedy"
tt5860860,Vape Wave,Documentary
tt5893264,D'après une histoire vraie,"Drama,Mystery,Thriller"
tt6089458,M/M,"Drama,Mystery,Thriller"
tt6135348,120 battements par minute,Drama
tt6194530,Ava,"Drama,Romance"
tt6194538,Le petit Spirou,"Comedy,Family"
tt6242262,La vallée des loups,Documentary
tt6243140,Les affamés,"Action,Adventure,Drama"
tt6367558,L'amant double,"Drama,Romance,Thriller"
tt6423776,Un beau soleil intérieur,"Comedy,Drama,Romance"
tt6512400,Nothing Is Forgiven,Documentary
tt6530104,"Hochelaga, Terre des Âmes",History
tt6556670,Qu'est-ce qu'on a encore fait au bon Dieu?,"Comedy,Drama"
tt6559390,L'apparition,"Drama,Mystery"
tt6738136,Revenge,"Action,Drama,Horror"
tt6785292,L'extraordinaire voyage de Marona,"Animation,Drama,Family"
tt6797946,Seule à mon mariage,Drama
tt6805422,Le trip à trois,Comedy
tt6823148,Benedetta,"Biography,Drama,Romance"
tt6838702,Tout le monde debout,"Comedy,Romance"
tt6899268,L'autre continent,"Drama,Romance"
tt6918220,Les Crevettes Pailletées,"Comedy,Drama,Sport"
tt6976172,"14 jours, 12 nuits",Drama
tt7014378,Le sommet des dieux,"Adventure,Animation,Drama"
tt7016254,Synonymes,"Comedy,Drama"
tt7048622,L'insulte,"Crime,Drama,Thriller"
tt7064498,Le retour du héros,"Comedy,History"
tt7136896,Alad'2,"Comedy,Fantasy"
tt7238392,Taxi 5,"Action,Comedy,Crime"
tt7431980,Après coup,Drama
tt7456310,Anna,"Action,Thriller"
tt7458762,Le chant du loup,"Action,Thriller"
tt7489816,Le jeu,"Comedy,Drama"
tt7631368,"I, Vampire",Horror
tt7682382,Mon bébé,"Comedy,Drama,Romance"
tt7801894,Persona non grata,"Drama,Thriller"
tt7807388,Cash Nexus,Drama
tt7816392,Lukas,"Action,Drama,Thriller"
tt7858472,Soeurs d'armes,"Action,Drama,War"
tt7882250,Jusqu'ici tout va bien,Comedy
tt7914282,Sashinka,Drama
tt7972012,OSS 117: Alerte rouge en Afrique noire,"Action,Comedy"
tt8080196,Fête de famille,"Comedy,Drama,Family"
tt8140646,Dernier Round,Drama
tt8242340,Aïlo: Une odyssée en Laponie,"Adventure,Documentary,Family"
tt8265928,Mon inconnue,"Comedy,Drama,Fantasy"
tt8329148,Terra Willy: Planète inconnue,"Adventure,Animation,Comedy"
tt8359848,Climax,"Drama,Horror,Music"
tt8398768,Mon ket,"Comedy,Drama"
tt8567862,La traversée,"Animation,Drama"
tt8613070,Portrait de la jeune fille en feu,"Drama,Romance"
tt8792898,L'amour flou,Comedy
tt8925540,Racetime,"Adventure,Animation,Family"
tt9133200,Entre deux trains,Drama
tt9144838,Le voyage du prince,"Adventure,Animation,Family"
tt9155512,Le visiteur du futur,"Action,Adventure,Comedy"
tt9163364,Cassy,Drama
tt9172422,La Belle Époque,"Comedy,Drama,Fantasy"
tt9284430,Le meilleur reste à venir,"Comedy,Drama"
tt9288726,La daronne,"Comedy,Crime,Drama"
tt9303772,Divorce Club,Comedy
tt9431080,Notre Dame,Comedy
tt9584814,Gloria Mundi,Drama
tt9697780,Slalom,"Drama,Sport"
tt9735462,Aline,"Biography,Comedy,Drama"
tt9844322,Kaamelott - Premier volet,"Adventure,Comedy,Fantasy"
